ag.cirruscasino,cirruscasino
ag.planet7casino,planet7
app.blockcasino,lockcasino
app.lasvegas24,vegas24
ar.com.casinodelrio,casinodelrio
ar.com.crowncasino,crowncasino
asia.winpalace88,winpalace
au.com.cherryred,cherryred
au.com.classone,classone
au.com.classoneortho,classone
au.com.crowncasino,crowncasino
au.com.grandreefcasino,grandreef
au.com.legendsportswear,legendsports
au.com.libertybelle,libertybell
au.com.libertybelledesign,libertybell
au.com.libertybellerx,libertybell
au.com.thecherryredstylingco,cherryred
ba.villafortuna,villafortuna
bet.coolcatcasino,coolcatcasino
bet.denderacasino,denderacasino
bet.royalacecasino,royalace
bid.planet77,planet7
biz.coolcatcasino,coolcatcasino
biz.lasvegas24,vegas24
biz.libertybell,libertybell
biz.libertybell3,libertybell
biz.mightyslots,mightyslots
biz.osiriscasino,osiriscasino
biz.rushmorecasino,rushmorecasino
br.com.classoneviagem,classone
buzz.planet77,planet7
buzz.planet7tech,planet7
ca.classonedrivers,classone
ca.classoneortho,classone
ca.winpalace,winpalace
cash.planet7,planet7
casino.planet7,planet7
casino.slotsofvegas,slotsofvegas
cc.classone,classone
click.bellavegascasino,bellavegas
click.jupiterclubcasino,jupiterclub
click.lakepalacecasino,lakepalace
club.gayplanet7,planet7
club.planet77,planet7
club.royalaces88daftar,royalace
cn.classone,classone
co.bellavegascasino,bellavegas
co.cherryred,cherryred
co.com.crowncasinos,crowncasino
co.crowncasino,crowncasino
co.hokiroyalaces88,royalace
co.planet7casino,planet7
co.romecasino,romecasino
co.royalaces88ggs,royalace
co.vegas24vip,vegas24
co.winpalace,winpalace
codes.coolcatcasino,coolcatcasino
codes.coolcatcasinobonus,coolcatcasino
codes.ragingbullcasino,ragingbullcasino
com.000crowncasino,crowncasino
com.13bars50stars,50stars
com.1clubdicepoker,clubdice
com.1winpalace,winpalace
com.1x2gaming,1x2gaming
com.1x2gamingcdn,1x2gaming
com.21dukes,21dukes
com.21dukes-casino,21dukes
com.21dukes1,21dukes
com.21dukes2,21dukes
com.21dukes3,21dukes
com.21dukes4,21dukes
com.21dukescasinoonline,21dukes
com.21dukescasinos,21dukes
com.21dukesmobilecasino,21dukes
com.21dukesvip,21dukes
com.268skykings,skykings
com.275libertybell,libertybell
com.50stars,50stars
com.50starscasino,50stars
com.50starscasinos,50stars
com.50starscertified,50stars
com.50starscinema,50stars
com.50starscleaningservices,50stars
com.50starscoffee,50stars
com.50starscorner,50stars
com.50starsdecor,50stars
com.50starspwp,50stars
com.50starsrentals,50stars
com.999lucky180,lucky18
com.999lucky181,lucky18
com.999lucky182,lucky18
com.999lucky183,lucky18
com.999lucky184,lucky18
com.999lucky185,lucky18
com.999lucky186,lucky18
com.999lucky187,lucky18
com.999lucky188,lucky18
com.999lucky189,lucky18
com.aboutcrowncasino,crowncasino
com.acelivecasino,acelivecasino
com.acelivecasinoreview,acelivecasino
com.aclassone,classone
com.aclubdiceonlinepoker,clubdice
com.aclubdicepoker,clubdice
com.asdroyalacerrana2019,royalace
com.aucrowncasino,crowncasino
com.azteccasino,azteccasino
com.b17libertybelle,libertybell
com.baccaratsupercasino,supercasino
com.balivegas24,vegas24
com.beatthedealerapp,beatthedealer
com.beatthedealerjr,beatthedealer
com.belegendsports,legendsports
com.bellavegas,bellavegas
com.bellavegas-casino,bellavegas
com.bellavegasboutique,bellavegas
com.bellavegascasinos,bellavegas
com.bellavegashomes,bellavegas
com.bestclubdicepoker,clubdice
com.bestplanet7,planet7
com.bestsupercasino,supercasino
com.betbellavegas,bellavegas
com.betgrandprive,grandprive
com.betjupiterclub,jupiterclub
com.betlakepalace,lakepalace
com.betroadhousereels,roadhousereels
com.betvillafortuna,villafortuna
com.blucasinoenligne,blucasino
com.bossladydreams,ladydream
com.brandycasino,brandycasino
com.calltoactionlibertybell,libertybell
com.captainjackcasino,captainjackcasino
com.captainjackcasinos,captainjackcasino
com.carnivalcasino,carnivalcasino
com.carnivalcasinoreport,carnivalcasino
com.casino-21dukes,21dukes
com.casino-en-ligne-osiriscasino,osiriscasino
com.casino-on-net-clubdice,clubdice
com.casinodelrio,casinodelrio
com.casinodelriofrance,casinodelrio
com.casinofiz,casinofiz
com.casinofizfr,casinofiz
com.casinofizlive,casinofiz
com.casinofizzslots,casinofiz
com.casinofizzslotss,casinofiz
com.casinofizzslotss1,casinofiz
com.casinopalaceofchance,palaceofchance
com.casinoplanet7,planet7
com.casinoroyalace,royalace
com.casinoslotsoffortune,slotsoffortune
com.casinostates,casinostates
com.catseyecasino,catseyecasino
com.cherryred,cherryred
com.cherryredass,cherryred
com.cherryredbespoke,cherryred
com.cherryredbottoms,cherryred
com.cherryredboutique,cherryred
com.cherryredcasino,cherryred
com.cherryredcasinobonus,cherryred
com.cherryredcasinofans,cherryred
com.cherryredcasinoreview,cherryred
com.cherryredchels,cherryred
com.cherryredchicago,cherryred
com.cherryredcontent,cherryred
com.cherryreddfashions,cherryred
com.cherryredevents,cherryred
com.cherryredfilms,cherryred
com.cherryredhair,cherryred
com.cherryredhumdinger,cherryred
com.cherryrediana,cherryred
com.cherryredlips,cherryred
com.cherryredmovies,cherryred
com.cherryredpieces,cherryred
com.cherryredporn,cherryred
com.cherryredpr,cherryred
com.cherryredproductions,cherryred
com.cherryredrecords,cherryred
com.cherryredrecruitment,cherryred
com.cherryredreport,cherryred
com.cherryredroasters,cherryred
com.cherryreds,cherryred
com.cherryredshoe,cherryred
com.cherryredshop,cherryred
com.cherryredsnj,cherryred
com.cherryredsreads,cherryred
com.cherryredtoppers,cherryred
com.cherryredvintage,cherryred
com.cirruscasino,cirruscasino
com.cirruscasinobonus,cirruscasino
com.classone,classone
com.classone-lady,classone
com.classone-tech,classone
com.classoneair,classone
com.classonearboriculture,classone
com.classoneautoplex,classone
com.classonecar,classone
com.classonecars,classone
com.classonecleanrooms,classone
com.classoneclothing,classone
com.classonecontract,classone
com.classonecrossfit,classone
com.classoneday,classone
com.classonedental,classone
com.classonedentist,classone
com.classonedge,classone
com.classonedirect,classone
com.classonedrivermanagement,classone
com.classoneeducation,classone
com.classoneequipment,classone
com.classoneinsight,classone
com.classonelimo,classone
com.classoneliquor,classone
com.classonemedia,classone
com.classonemodelworks,classone
com.classoneortho,classone
com.classoneorthodontics,classone
com.classoneq,classone
com.classonerailroads,classone
com.classonerecords,classone
com.classoneseo,classone
com.classonesoftware,classone
com.classonestore,classone
com.classonesystems,classone
com.classonet,classone
com.classonetravel,classone
com.classoneuniversity,classone
com.classonewatches,classone
com.classonewelding,classone
com.classoneyachtservices,classone
com.classycoin,classycoin
com.classycoin-bonus,classycoin
com.classycoin-casino,classycoin
com.classycoincasino,classycoin
com.classycoincasinos,classycoin
com.classycoins,classycoin
com.clubdice-casino-online,clubdice
com.clubdice-casino-reviewed,clubdice
com.clubdice-special,clubdice
com.clubdiceasino,clubdice
com.clubdicecaino,clubdice
com.clubdicecasino,clubdice
com.clubdicecasinoaudit,clubdice
com.clubdicecasinoonline,clubdice
com.clubdicecasio,clubdice
com.clubdicecasno,clubdice
com.clubdicecouponcode,clubdice
com.clubdicecsino,clubdice
com.clubdicepokercasino,clubdice
com.clubdicepokerroomonline,clubdice
com.coloniallakepalace,lakepalace
com.coolcatcasino,coolcatcasino
com.coolcatcasino-au,coolcatcasino
com.coolcatcasinobonuscode,coolcatcasino
com.coolcatcasinobonuscodes,coolcatcasino
com.coolcatcasinodeposit,coolcatcasino
com.coolcatcasinodepositbonus,coolcatcasino
com.coolcatcasinoslots,coolcatcasino
com.coolcatcasinous,coolcatcasino
com.crowncasino,crowncasino
com.crowncasino-online,crowncasino
com.crowncasino365,crowncasino
com.crowncasino365888,crowncasino
com.crowncasino365home,crowncasino
com.crowncasino365hub,crowncasino
com.crowncasino365site,crowncasino
com.crowncasino365zone,crowncasino
com.crowncasino365zonehub,crowncasino
com.crowncasino365zonezone,crowncasino
com.crowncasino68,crowncasino
com.crowncasino7,crowncasino
com.crowncasinoclubhome,crowncasino
com.crowncasinoclubzone,crowncasino
com.crowncasinoclubzonehub,crowncasino
com.crowncasinoclubzonezone,crowncasino
com.crowncasinohome,crowncasino
com.crowncasinohub,crowncasino
com.crowncasinoking888,crowncasino
com.crowncasinokingzonezone,crowncasino
com.crowncasinomacau,crowncasino
com.crowncasinoofficial,crowncasino
com.crowncasinoonline888,crowncasino
com.crowncasinoonlinehome,crowncasino
com.crowncasinoonlinehub,crowncasino
com.crowncasinoonlinezone,crowncasino
com.crowncasinoonlinezonehub,crowncasino
com.crowncasinoperth,crowncasino
com.crowncasinosclubzonezone,crowncasino
com.crowncasinoseating,crowncasino
com.crowncasinosite,crowncasino
com.crowncasinosite888,crowncasino
com.crowncasinositeclub,crowncasino
com.crowncasinositehome,crowncasino
com.crowncasinositehomehome,crowncasino
com.crowncasinositehomehub,crowncasino
com.crowncasinositehomezone,crowncasino
com.crowncasinositezone,crowncasino
com.crowncasinositezonezone,crowncasino
com.crowncasinoszonehomehub,crowncasino
com.crowncasinoszonezonezone,crowncasino
com.crowncasinozone,crowncasino
com.crowncasinozoneclub,crowncasino
com.crowncasinozonehome,crowncasino
com.crowncasinozonehomehome,crowncasino
com.crowncasinozonehomehub,crowncasino
com.crowncasinozonehomezone,crowncasino
com.crowncasinozonehub,crowncasino
com.crowncasinozonezonezone,crowncasino
com.crowngoldbettingzonezone,goldbetting
com.daftarroyalaces88,royalace
com.denderacasino,denderacasino
com.ecoplanet777,planet7
com.eldoradopalace,eldoradopalace
com.europlaycasino,europlaycasino
com.flatheadlibertybell,libertybell
com.fortuneclockcasino-pl,lockcasino
com.fortuneclockcasinopl,lockcasino
com.goldbetting,goldbetting
com.goldencrowncasino,crowncasino
com.goldencrowncasino1,crowncasino
com.goldencrowncasino3,crowncasino
com.goldencrowncasino6,crowncasino
com.goldencrowncasino777,crowncasino
com.goldencrowncasinologin,crowncasino
com.goldengalaxy,goldengalaxy
com.goldengalaxymc,goldengalaxy
com.goldengalaxyplaza,goldengalaxy
com.goldengalaxys,goldengalaxy
com.goldenscrowncasino,crowncasino
com.grandbaycasino,grandbaycasino
com.grandbaycasinos,grandbaycasino
com.grandprive,grandprive
com.grandpriveaffiliates,grandprive
com.grandreef,grandreef
com.grandreefcasino,grandreef
com.hippdoromecasino,romecasino
com.hippodromecasino,romecasino
com.hippodromecasino-th,romecasino
com.hotelvillafortuna,villafortuna
com.howinpalace,winpalace
com.howinpalacema,winpalace
com.hyderabadskykings,skykings
com.ibutlercasino,ibutlercasino
com.indiocasino,indiocasino
com.internetclubdicepokercasino,clubdice
com.jackpotsheaven,jackpotsheaven
com.jewelslakepalace,lakepalace
com.jupiterclub,jupiterclub
com.jupiterclubcasinos,jupiterclub
com.ladydream,ladydream
com.ladydream-universe-shop,ladydream
com.lakepalace,lakepalace
com.lakepalacecasino,lakepalace
com.lakepalacekerala,lakepalace
com.lakepalaceresort,lakepalace
com.lakepalaceresorts,lakepalace
com.lakepalacethekkady,lakepalace
com.lambratetwinpalace,winpalace
com.lasvegas24-7,vegas24
com.lasvegas247,vegas24
com.lasvegas247inc,vegas24
com.lasvegas24hours,vegas24
com.lavasalakepalace,lakepalace
com.legendsports,legendsports
com.legendsports-au,legendsports
com.legendsportsbarmn,legendsports
com.legendsportsbook,legendsports
com.legendsportscollection,legendsports
com.legendsportsdirect,legendsports
com.legendsportsgrille,legendsports
com.legendsportsli,legendsports
com.legendsportsmouth,legendsports
com.legendsportspromos,legendsports
com.legendsportsvideo,legendsports
com.legendsportswear,legendsports
com.lesterlegendsports,legendsports
com.libertybell,libertybell
com.libertybell-houseboat,libertybell
com.libertybell-law,libertybell
com.libertybell-orchestra,libertybell
com.libertybell-tokusetu,libertybell
com.libertybell3,libertybell
com.libertybell4,libertybell
com.libertybella,libertybell
com.libertybellaccounting,libertybell
com.libertybellagency,libertybell
com.libertybellagent,libertybell
com.libertybellalarm,libertybell
com.libertybellantiques,libertybell
com.libertybellathletics,libertybell
com.libertybellauto,libertybell
com.libertybellautoprotect,libertybell
com.libertybellballers,libertybell
com.libertybellballoon,libertybell
com.libertybellbank,libertybell
com.libertybellbar,libertybell
com.libertybellbarbershop,libertybell
com.libertybellbengalcat,libertybell
com.libertybellbeverage,libertybell
com.libertybellbicycles,libertybell
com.libertybellbillerica,libertybell
com.libertybellbreaks,libertybell
com.libertybellcasino,libertybell
com.libertybellcasinobonus,libertybell
com.libertybellchalet,libertybell
com.libertybellchallenge,libertybell
com.libertybellchimes,libertybell
com.libertybellcommunications,libertybell
com.libertybelldiner,libertybell
com.libertybelldiscountoil,libertybell
com.libertybelle,libertybell
com.libertybellebistro,libertybell
com.libertybellebooks,libertybell
com.libertybelleco,libertybell
com.libertybellecruises,libertybell
com.libertybellediaires,libertybell
com.libertybellediairies,libertybell
com.libertybellediaries,libertybell
com.libertybelleextravaganza,libertybell
com.libertybelleglassworks,libertybell
com.libertybellegoldens,libertybell
com.libertybellekc,libertybell
com.libertybellelondon,libertybell
com.libertybellemag,libertybell
com.libertybellemedia,libertybell
com.libertybellengineering,libertybell
com.libertybellent,libertybell
com.libertybelleproperties,libertybell
com.libertybellepublishing,libertybell
com.libertybellereno,libertybell
com.libertybellerx,libertybell
com.libertybelles,libertybell
com.libertybellesbasketball,libertybell
com.libertybellesblog,libertybell
com.libertybellesbodywork,libertybell
com.libertybellesheffield,libertybell
com.libertybelleskincentre,libertybell
com.libertybelleslotmachinebooks,libertybell
com.libertybellespectacular,libertybell
com.libertybellesrw,libertybell
com.libertybellestates,libertybell
com.libertybellestatespoa,libertybell
com.libertybellestrio,libertybell
com.libertybellestuff,libertybell
com.libertybellesusa,libertybell
com.libertybellfamilymedicine,libertybell
com.libertybellfilms,libertybell
com.libertybellfinancialgroup,libertybell
com.libertybellfirearms,libertybell
com.libertybellfitness,libertybell
com.libertybellflags,libertybell
com.libertybellflashcasino,libertybell
com.libertybellfurniture,libertybell
com.libertybellgames,libertybell
com.libertybellhealth,libertybell
com.libertybellheatingoil,libertybell
com.libertybellhomecareservices,libertybell
com.libertybellhomes,libertybell
com.libertybellinsurance,libertybell
com.libertybellinvestments,libertybell
com.libertybelljerseys,libertybell
com.libertybelljetrally,libertybell
com.libertybelljudo,libertybell
com.libertybelllaw,libertybell
com.libertybellmarket,libertybell
com.libertybellmedia,libertybell
com.libertybellmelrose,libertybell
com.libertybellmotel,libertybell
com.libertybellmountainlions,libertybell
com.libertybellmoving,libertybell
com.libertybellmp,libertybell
com.libertybellmultimedia,libertybell
com.libertybellmuseum,libertybell
com.libertybellonline,libertybell
com.libertybellopen,libertybell
com.libertybellows,libertybell
com.libertybellpd,libertybell
com.libertybellpizza,libertybell
com.libertybellpoem,libertybell
com.libertybellpool,libertybell
com.libertybellpress,libertybell
com.libertybellprinting,libertybell
com.libertybellpub,libertybell
com.libertybellpublications,libertybell
com.libertybellpublishers,libertybell
com.libertybellquilts,libertybell
com.libertybellradio,libertybell
com.libertybellservices,libertybell
com.libertybellsfitness,libertybell
com.libertybellshop,libertybell
com.libertybellshuttle,libertybell
com.libertybellsnack,libertybell
com.libertybellsnackcompany,libertybell
com.libertybellsports,libertybell
com.libertybellsschool,libertybell
com.libertybellsschools,libertybell
com.libertybellsteak,libertybell
com.libertybellstoneham,libertybell
com.libertybellstrategies,libertybell
com.libertybellstudios,libertybell
com.libertybellsweettreats,libertybell
com.libertybelltelco,libertybell
com.libertybelltelecom,libertybell
com.libertybelltemple,libertybell
com.libertybelltemple3,libertybell
com.libertybellwindows,libertybell
com.libertybellyouth,libertybell
com.livertproyalaces88,royalace
com.lockcasino,lockcasino
com.locksmithlasvegas247,vegas24
com.locksmithvegas247,vegas24
com.londonscasino,londonscasino
com.lucky18,lucky18
com.lucky1819,lucky18
com.lucky1888,lucky18
com.lucky18affiliates,lucky18
com.lucky18casino,lucky18
com.luckyblockcasino,lockcasino
com.m-supercasino,supercasino
com.majesticcomet,majesticcomet
com.miamibeachcasino,miamibeachcasino
com.microplanet73,planet7
com.mightyslots,mightyslots
com.mightyslotscasino,mightyslots
com.mightyslotsnodeposit,mightyslots
com.misscherryred,cherryred
com.monsupercasino,supercasino
com.mpcslibertybell,libertybell
com.mylibertybell,libertybell
com.mysupercasino,supercasino
com.noblecasino,noblecasino
com.noblecasinobonus,noblecasino
com.noblecasinocouponcode,noblecasino
com.noblecasinoreport,noblecasino
com.nodepositplanet7,planet7
com.northvegas247,vegas24
com.nosupercasino,supercasino
com.oceansonline,oceansonline
com.oceansonlinecasino,oceansonline
com.onelegendsportswear,legendsports
com.oneplanet7,planet7
com.onlinecasinostates,casinostates
com.onlineclubdicepoker,clubdice
com.onlinelucky18,lucky18
com.onlinelucky18affiliates,lucky18
com.onlineprestigecasino,prestigecasino
com.onlinesupercasinos,supercasino
com.onlyvegas247,vegas24
com.operationcherryred,cherryred
com.operationcherryredauction,cherryred
com.orangegamez,orangegamez
com.osiriscasino,osiriscasino
com.osiriscasinolounge,osiriscasino
com.osiriscasinomarketing,osiriscasino
com.ourclassone,classone
com.palaceofchance,palaceofchance
com.palaceofchance-casino,palaceofchance
com.palaceofchancebonus,palaceofchance
com.palaceofchancecasinos,palaceofchance
com.palaceofchanceext,palaceofchance
com.palaceofchancelinks,palaceofchance
com.palaceofchancemail,palaceofchance
com.palaceofchancemobile,palaceofchance
com.palaceofchancemobilecasino,palaceofchance
com.palaceofchancenodeposit,palaceofchance
com.palibertybelles,libertybell
com.parklanecasino,parklanecasino
com.planet7,planet7
com.planet7-online-casino,planet7
com.planet7-oz,planet7
com.planet71,planet7
com.planet715,planet7
com.planet717,planet7
com.planet72,planet7
com.planet75,planet7
com.planet76,planet7
com.planet77,planet7
com.planet777,planet7
com.planet7777,planet7
com.planet77slot,planet7
com.planet789,planet7
com.planet7bonus,planet7
com.planet7casino,planet7
com.planet7casinocampaign,planet7
com.planet7casinoclub,planet7
com.planet7casinoreview,planet7
com.planet7club,planet7
com.planet7d,planet7
com.planet7instant,planet7
com.planet7instantcasino,planet7
com.planet7links,planet7
com.planet7live,planet7
com.planet7mobilecasino,planet7
com.planet7nodeposit,planet7
com.planet7online,planet7
com.planet7onlinecasino,planet7
com.planet7oz,planet7
com.planet7oz-casino,planet7
com.planet7ozlinks,planet7
com.planet7reviews,planet7
com.planet7s,planet7
com.planet7spins,planet7
com.planet7systems,planet7
com.planet7tech,planet7
com.planet7ven,planet7
com.planet7vip,planet7
com.planet7win,planet7
com.planet7x,planet7
com.planetkings,planetkings
com.planetkingsley,planetkings
com.playplanet7oz,planet7
com.playragingbullcasino,ragingbullcasino
com.portroyalace,royalace
com.prestigecasino,prestigecasino
com.prismcasino,prismcasino
com.prismcasinocodes,prismcasino
com.prismcasinomobile,prismcasino
com.prismcasinonodeposit,prismcasino
com.purevegas,purevegas
com.purevegas-casino,purevegas
com.purevegascasino,purevegas
com.ragingbullcasino,ragingbullcasino
com.ragingbullcasino1,ragingbullcasino
com.ragingbullcasinos,ragingbullcasino
com.regantlakepalacehotel,lakepalace
com.registerwinpalace88,winpalace
com.roadhousereels,roadhousereels
com.romecasino,romecasino
com.romecasinoaudit,romecasino
com.romecasinobonus,romecasino
com.romecasinos,romecasino
com.royalace,royalace
com.royalacecampaign,royalace
com.royalacecasino,royalace
com.royalaceclub,royalace
com.royalaceflashcasino,royalace
com.royalacelinks,royalace
com.royalacenews,royalace
com.royalacenodeposit,royalace
com.royalaceonlinecasino,royalace
com.royalacepaign,royalace
com.royalaces,royalace
com.royalaces303,royalace
com.royalaces88,royalace
com.royalaces889,royalace
com.royalaces88gg,royalace
com.royalaces88king,royalace
com.royalacescasino,royalace
com.royalacesperformanceacademy,royalace
com.royalacessports,royalace
com.royalacessportsbook,royalace
com.royalacetate,royalace
com.royalclassone,classone
com.royalecrowncasino,crowncasino
com.royalsupercasino,supercasino
com.rtpliveroyalace88,royalace
com.rtproyalaces88asia,royalace
com.rushmorecasino,rushmorecasino
com.rushmorecasinoclub,rushmorecasino
com.rushmorecasinousa,rushmorecasino
com.saltlakepalacecity,lakepalace
com.sasupercasino,supercasino
com.sexplanet72,planet7
com.shouldisignupforaclassonelectronicliterature,classone
com.sierrastar,sierrastar
com.sierrastar4u,sierrastar
com.sierrastaraffiliates,sierrastar
com.sierrastarcasino,sierrastar
com.sierrastarlaketahoe,sierrastar
com.sierrastarlight,sierrastar
com.sierrastarr,sierrastar
com.sierrastarrwine,sierrastar
com.sierrastars,sierrastar
com.sierrastarsquilting,sierrastar
com.silvercrowncasino,crowncasino
com.skycrowncasinoau,crowncasino
com.skykings,skykings
com.skykingscasino,skykings
com.skykingscasinoreport,skykings
com.skykingsfalconry,skykings
com.skykingsoaring,skykings
com.skykingspecialties,skykings
com.slotplanet777,planet7
com.slotplanet789,planet7
com.slotsalley,slotsalley
com.slotsoasis,slotsoasis
com.slotsoasisss,slotsoasis
com.slotsoffortune,slotsoffortune
com.slotsoffortune-ads,slotsoffortune
com.slotsofvegas,slotsofvegas
com.slotsofvegas-casino,slotsofvegas
com.slotsofvegasbonus,slotsofvegas
com.slotsofvegascampaign,slotsofvegas
com.slotsofvegascasino,slotsofvegas
com.slotsofvegascasinocomps,slotsofvegas
com.slotsofvegascasinoreview,slotsofvegas
com.slotsofvegasext,slotsofvegas
com.slotsofvegasflashcasino,slotsofvegas
com.slotsofvegaslinks,slotsofvegas
com.slotsofvegasmobilecasino,slotsofvegas
com.slotsofvegasx,slotsofvegas
com.supercasino,supercasino
com.supercasino-promo,supercasino
com.supercasino123,supercasino
com.supercasino168,supercasino
com.supercasino200,supercasino
com.supercasino77,supercasino
com.supercasino777,supercasino
com.supercasino888,supercasino
com.supercasinoblogger,supercasino
com.supercasinobonus,supercasino
com.supercasinobulgaria,supercasino
com.supercasinodeals,supercasino
com.supercasinofinder,supercasino
com.supercasinogambling,supercasino
com.supercasinogame,supercasino
com.supercasinogiris,supercasino
com.supercasinogratis,supercasino
com.supercasinohotels,supercasino
com.supercasinokorea,supercasino
com.supercasinolinks,supercasino
com.supercasinoonline,supercasino
com.supercasinositeleri4,supercasino
com.supercasinositeleri5,supercasino
com.supercasinosites,supercasino
com.supercasinosonline,supercasino
com.supercasinostore,supercasino
com.supercasinousa,supercasino
com.supercasinoweb,supercasino
com.svnlakepalace,lakepalace
com.sweetlibertybelle,libertybell
com.techplanet7,planet7
com.thecherryred,cherryred
com.thecherryredreport,cherryred
com.theclubdicepokercasino,clubdice
com.thehotelroyalace,royalace
com.theinternetclubdicepokercasino,clubdice
com.thejupiterclubeg,jupiterclub
com.thelibertybell,libertybell
com.thelibertybellalliance76,libertybell
com.thelibertybelldiner,libertybell
com.thelibertybellenc,libertybell
com.thelibertybelleschorus,libertybell
com.thelibertybellnews,libertybell
com.theonlineclubdicepokercasino,clubdice
com.theonlineclubdicepokerroom,clubdice
com.theskykings,skykings
com.tomlovesthelibertybell,libertybell
com.toplanet7,planet7
com.travelpurevegas,purevegas
com.triplecrowncasino-otb,crowncasino
com.triplecrowncasinos,crowncasino
com.trueblucasino,blucasino
com.truelegendsports,legendsports
com.twolibertybelles,libertybell
com.uksupercasino,supercasino
com.umaidlakepalace,lakepalace
com.usslibertybelleireland,libertybell
com.vegas24,vegas24
com.vegas247365,vegas24
com.vegas24hrs,vegas24
com.vegas24seven,vegas24
com.vegas24vip,vegas24
com.villafortuna,villafortuna
com.villafortunaaffiliates,villafortuna
com.villafortunaapts,villafortuna
com.villafortunacasino,villafortuna
com.villafortunacr,villafortuna
com.villafortunapositano,villafortuna
com.villafortunasrl,villafortuna
com.vulkanprestigecasino,prestigecasino
com.wearcherryred,cherryred
com.webeatthedealers,beatthedealer
com.wichitaskykings,skykings
com.wildvegascasino,wildvegascasino
com.wildvegascasinomobile,wildvegascasino
com.wildvegascasinos,wildvegascasino
com.winatcrowncasino,crowncasino
com.winpalace,winpalace
com.winpalace-88,winpalace
com.winpalace-ads,winpalace
com.winpalace-casino,winpalace
com.winpalace88,winpalace
com.winpalace88bet,winpalace
com.winpalace88idn,winpalace
com.winpalace88vip,winpalace
com.winpalacebonusz,winpalace
com.winpalacecasino,winpalace
com.winpalacecasinobonus,winpalace
com.winpalacechips,winpalace
com.winpalaceflashcasino,winpalace
com.winpalacelp,winpalace
com.winpalacelpr,winpalace
com.winpalacemobilecasino,winpalace
com.winpalaceonlinecasino,winpalace
com.winpalaceplay,winpalace
com.winpalaceplay-ads,winpalace
com.winpalacepromo,winpalace
com.wvulibertybell,libertybell
com.xhlplanet7,planet7
com.xhplanet7,planet7
cyou.crowncasinoonline,crowncasino
cz.jupiterclub,jupiterclub
cz.skykings,skykings
de.cherryred,cherryred
de.fortuneclockcasino,lockcasino
de.lasvegas247,vegas24
de.planet71,planet7
de.supercasino,supercasino
de.villafortuna-calpe,villafortuna
ee.supercasino,supercasino
es.50stars,50stars
es.classone,classone
es.com.classone,classone
es.villafortuna,villafortuna
eu.captainjackcasino,captainjackcasino
eu.casinostates,casinostates
eu.lockcasino,lockcasino
eu.planet7casino,planet7
eu.planet7oz,planet7
eu.prismcasino,prismcasino
eu.royalacecasino,royalace
eu.slotsofvegas,slotsofvegas
eu.winpalaceplay,winpalace
fi.supercasino,supercasino
fi.villafortuna,villafortuna
fr.casino-winpalace,winpalace
fr.cirruscasino,cirruscasino
fr.libertybelle,libertybell
fr.planet7,planet7
fr.ragingbullcasino,ragingbullcasino
fr.supercasino,supercasino
gay.goldencrowncasino,crowncasino
hr.com.supercasino,supercasino
hu.classone,classone
ie.libertybell,libertybell
ie.thelibertybelle,libertybell
il.co.50stars,50stars
im.planet7casino,planet7
im.slotsoffortune,slotsoffortune
im.wildvegascasino,wildvegascasino
im.winpalace,winpalace
im.winpalaceeu1,winpalace
in.classone,classone
in.classonesystems,classone
in.co.skykings,skykings
in.goldengalaxy,goldengalaxy
in.hotellakepalace,lakepalace
in.indiocasinomobile,indiocasino
in.lakepalace,lakepalace
in.thelegendsports,legendsports
info.bellavegas,bellavegas
info.blockcasino,lockcasino
info.captainjackcasino,captainjackcasino
info.grandbaycasino,grandbaycasino
info.mysupercasinoonline,supercasino
info.palaceofchance,palaceofchance
info.planet7-casino,planet7
info.planet77,planet7
info.planet777,planet7
info.prismcasino,prismcasino
info.ragingbullcasino,ragingbullcasino
info.romecasino,romecasino
info.slotsoffortune,slotsoffortune
info.slotsofvegas,slotsofvegas
info.slotsofvegascasino,slotsofvegas
info.supercasinooffers,supercasino
info.supercasinoonline,supercasino
info.warlockcasino,lockcasino
info.winpalace88,winpalace
ink.planet77,planet7
io.classycoin,classycoin
io.libertybell,libertybell
io.ragingbullcasino,ragingbullcasino
io.winpalace88,winpalace
it.archeoclubdicellole,clubdice
it.classone,classone
it.classoneagency,classone
it.classonegroup,classone
it.lavillafortuna,villafortuna
it.libertybell,libertybell
it.villafortunaischia,villafortuna
it.winpalacecasino,winpalace
jp.classone,classone
jp.co.classone,classone
jp.legendsports,legendsports
jp.libertybell,libertybell
jp.libertybell-r,libertybell
jp.planet7,planet7
kr.classone,classone
kr.co.classone,classone
kr.co.classonedental,classone
kr.co.iusell-twinpalace,winpalace
kr.co.libertybell,libertybell
kr.lakepalace,lakepalace
kr.lakepalace-apt,lakepalace
live.classone,classone
live.goldencrowncasino,crowncasino
live.planet77,planet7
live.ragingbullcasino,ragingbullcasino
live.supercasino,supercasino
me.classycoin,classycoin
mobi.ragingbullcasino,ragingbullcasino
mx.crowncasino,crowncasino
name.carnivalcasino,carnivalcasino
net.21dukescasino,21dukes
net.arlington-libertybell,libertybell
net.balivegas24,vegas24
net.casinoclubdice,clubdice
net.casinofiz,casinofiz
net.cirruscasino,cirruscasino
net.clubdice-casino,clubdice
net.clubdiceonline,clubdice
net.goldencrowncasino,crowncasino
net.jupiterclubcasino,jupiterclub
net.legendsports,legendsports
net.libertybellchallenge,libertybell
net.libertybelle,libertybell
net.libertybellfootballofficialsclinic,libertybell
net.libertybellinsurance,libertybell
net.libertybellwanderers,libertybell
net.minorplanet79center,planet7
net.oceansonlinepoker,oceansonline
net.planet77,planet7
net.planet77login,planet7
net.planet7oz,planet7
net.planet7x,planet7
net.prestigecasino,prestigecasino
net.prismcasinos,prismcasino
net.royalace-casino,royalace
net.royalaces88,royalace
net.royalaces88qq,royalace
net.rushmorecasinoreview,rushmorecasino
net.sierrastarcasino,sierrastar
net.skycrowncasino,crowncasino
net.skykings,skykings
net.slotsofvegasmobilecasino,slotsofvegas
net.supercasinobonus,supercasino
net.vegas24vip,vegas24
net.vegas24x7,vegas24
net.vipgoldenclub,vipgoldenclub
net.winpalace,winpalace
net.winpalace88,winpalace
net.winpalaceplay,winpalace
nl.cherryred,cherryred
nl.classoneroadshow,classone
nl.legendsports,legendsports
nl.oceansonline,oceansonline
nl.osiriscasino,osiriscasino
nu.supercasino,supercasino
nu.supercasinobonus,supercasino
nz.co.cherryred,cherryred
online.21dukes-casino,21dukes
online.captainjackcasino,captainjackcasino
online.casinodelrio,casinodelrio
online.coolcatcasino,coolcatcasino
online.planet777,planet7
online.planet7casino,planet7
online.prismcasino,prismcasino
online.ragingbullcasino,ragingbullcasino
online.royalacecasino,royalace
online.royalacevip,royalace
online.supercasino,supercasino
online.thelibertybell,libertybell
org.arlington-libertybell,libertybell
org.beyondthelibertybell,libertybell
org.captainjackcasino,captainjackcasino
org.carnivalcasino,carnivalcasino
org.casino-x,org.casino-x
org.casino-x-club,org.casino-x
org.casino-x-slots,org.casino-x
org.casinodelrio,casinodelrio
org.cherryred,cherryred
org.cirruscasino,cirruscasino
org.classone,classone
org.classycoincasino,classycoin
org.clubdicepoker,clubdice
org.evolvingplanet7,planet7
org.goldencrowncasino,crowncasino
org.ladydreamer,ladydream
org.legendsports,legendsports
org.libertybell3,libertybell
org.libertybellchurch,libertybell
org.libertybellclassic,libertybell
org.libertybelle,libertybell
org.libertybellechorus,libertybell
org.libertybelleministries,libertybell
org.libertybelles,libertybell
org.libertybellfuneralhonorguard,libertybell
org.libertybellgesneriads,libertybell
org.libertybellglassclub,libertybell
org.libertybellmuseum,libertybell
org.libertybellspecail2019,libertybell
org.libertybellspecial,libertybell
org.libertybellspecial2019,libertybell
org.libertybellsquadron,libertybell
org.libertybellsvip,libertybell
org.liveroyalaces88,royalace
org.lockcasino,lockcasino
org.misslibertybelle,libertybell
org.oceansonline,oceansonline
org.oneclassonecause,classone
org.planet7,planet7
org.planet702,planet7
org.planet777slot,planet7
org.planet7oz,planet7
org.ragingbullcasino,ragingbullcasino
org.romecasino,romecasino
org.royalaces88,royalace
org.royalacess88,royalace
org.rtpliveroyalaces88,royalace
org.sierrastar,sierrastar
org.sierrastargazers,sierrastar
org.skycrowncasino,crowncasino
org.slotsoffortunecasino,slotsoffortune
org.slotsofvegasx,slotsofvegas
org.thelibertybelles,libertybell
org.verizonlibertybellpioneers,libertybell
org.weplanet767,planet7
org.winpalace88,winpalace
org.winpalaceplay,winpalace
pa.com.crowncasinos,crowncasino
pl.com.villafortuna,villafortuna
pl.fortuneclockcasino,lockcasino
pl.prestigecasino,prestigecasino
pl.vegas24,vegas24
pro.50stars,50stars
pro.royalaces88,royalace
ro.highclassone,classone
ro.highclassonedesign,classone
ru.babyplanet77,planet7
ru.fireplanet72,planet7
ru.goldengalaxy,goldengalaxy
ru.grandbaycasino,grandbaycasino
ru.ladydreams,ladydream
ru.lascasinovegas,lascasinovegas
ru.myplanet72,planet7
ru.myplanet74,planet7
ru.supercasino-767,supercasino
ru.supercasino-x1,supercasino
ru.supercasino-x2,supercasino
ru.supercasino-x3,supercasino
ru.supercasino-x4,supercasino
ru.villafortuna,villafortuna
se.supercasinot,supercasino
se.vegas24,vegas24
shop.crowncasinoclub,crowncasino
shop.vegas24,vegas24
si.euroblockcasino,lockcasino
site.planet77,planet7
site.slotsofvegas,slotsofvegas
sk.adlucky188,lucky18
store.skykings,skykings
tokyo.libertybell,libertybell
top.bellavegascasino,bellavegas
top.captainjackcasino,captainjackcasino
top.casinodelrio,casinodelrio
top.casinodelrioonline,casinodelrio
top.classone,classone
top.coolcatcasino,coolcatcasino
top.goldencrowncasino,crowncasino
top.jupiterclubcasino,jupiterclub
top.lakepalacecasino,lakepalace
top.palaceofchance,palaceofchance
top.palaceofchancecasino,palaceofchance
top.planet7casino,planet7
top.prismcasino,prismcasino
top.royalace,royalace
top.slotsofvegascasino,slotsofvegas
top.vegas24,vegas24
top.vulkanprestigecasino,prestigecasino
top.wildvegascasino,wildvegascasino
tr.com.classone,classone
tr.com.supercasino,supercasino
tv.cherryred,cherryred
tv.legendsports,legendsports
tv.libertybell,libertybell
ua.com.ladydream,ladydream
ua.com.supercasino,supercasino
ua.ladydream,ladydream
uk.co.1x2gamingcdndev,1x2gaming
uk.co.cherryred,cherryred
uk.co.cherryredbooks,cherryred
uk.co.cherryredcreative,cherryred
uk.co.cherryredlicensing,cherryred
uk.co.cherryredphotography,cherryred
uk.co.cherryredrecords,cherryred
uk.co.cherryredstudios,cherryred
uk.co.cirruscasino,cirruscasino
uk.co.classonedance,classone
uk.co.classonehgv-lgv,classone
uk.co.libertybellehats,libertybell
uk.co.libertybellelondon,libertybell
uk.co.londonscasino,londonscasino
uk.co.nblibertybelle,libertybell
uk.co.oceansonline,oceansonline
uk.co.parklanecasino,parklanecasino
uk.co.royalace,royalace
uk.co.royalaceconsultancy,royalace
uk.co.supercasino-games,supercasino
uk.co.supercasinouk,supercasino
uk.co.twinpalace,winpalace
uk.co.wildvegascasino,wildvegascasino
uk.org.rushmorecasinoonline,rushmorecasino
uk.planet7,planet7
us.bellavegascasino,bellavegas
us.bellavegasmobilecasino,bellavegas
us.casinowinpalace,winpalace
us.classoneproperties,classone
us.coolcatcasino,coolcatcasino
us.jupiterclubcasino,jupiterclub
us.jupiterclubmobilecasino,jupiterclub
us.lakepalacecasino,lakepalace
us.lakepalacemobilecasino,lakepalace
us.palaceofchancecasino,palaceofchance
us.palaceofchancemobilecasino,palaceofchance
us.planet77,planet7
us.prismcasino,prismcasino
us.roadhousereelscasino,roadhousereels
us.roadhousereelsmobilecasino,roadhousereels
us.slotsoffortunecasino,slotsoffortune
us.slotsofvegascasino,slotsofvegas
us.slotsofvegasmobilecasino,slotsofvegas
us.thelibertybelles,libertybell
us.villafortunacasino,villafortuna
us.winpalace,winpalace
us.winpalace-casino,winpalace
vegas.planet77,planet7
vip.balivegas24,vegas24
vip.planet77,planet7
vip.vegas24,vegas24
vip.winpalace,winpalace
vip.winpalace88,winpalace
website.royalaces88,royalace
win.21dukescasinoinstantplay,21dukes
work.slotsofvegasbonuscodes,slotsofvegas
work.slotsofvegasinstantplay,slotsofvegas
work.slotsofvegasnodeposit,slotsofvegas
work.slotsofvegasnodepositbonus,slotsofvegas
work.slotsofvegasnodepositbonuscodes,slotsofvegas
work.slotsofvegasnodepositcodes,slotsofvegas
ws.clubdicecasino,clubdice
ws.libertybell,libertybell
xn--6frz82g.winpalace88,winpalace
xyz.osiriscasino,osiriscasino
xyz.prestigecasino,prestigecasino
za.co.skykingsolar,skykings
za.co.supercasino,supercasino
